{
  "version": 1,
  "trained_at": "2026-01-21T11:35:45.081657+00:00",
  "feature_order": [
    "link_quality",
    "latency_score",
    "bandwidth",
    "contact_active",
    "path_match",
    "energy_score"
  ],
  "priority_weights": {
    "0": [
      0.06850085917607958,
      0.032883941266602476,
      0.48903742842658376,
      0.016555869984346726,
      0.14962873512081895,
      0.24339316602556849
    ],
    "1": [
      0.07705413468052952,
      0.057594456268608304,
      0.3664020945120414,
      0.0673634065190511,
      0.08306898097119615,
      0.3485169270485736
    ],
    "2": [
      0.08638220650576121,
      0.017462168752313,
      0.46356783567321974,
      0.03490456786167686,
      0.0057329130949559,
      0.39195030811207326
    ]
  },
  "min_energy_by_priority": {
    "0": 0.3,
    "1": 0.2,
    "2": 0.1
  },
  "notes": "Generated via lightweight RL-inspired optimizer."
}